{
  "UserCF": {
    "HR@5": 0.0021208907741251328,
    "NDCG@5": 0.00147068166196664,
    "Recall@5": 0.0021208907741251328,
    "HR@10": 0.005302226935312832,
    "NDCG@10": 0.002489490665372408,
    "Recall@10": 0.005302226935312832,
    "HR@20": 0.012725344644750796,
    "NDCG@20": 0.004385047968340484,
    "Recall@20": 0.012725344644750796
  },
  "ItemCF": {
    "HR@5": 0.005302226935312832,
    "NDCG@5": 0.0029602207585101618,
    "Recall@5": 0.005302226935312832,
    "HR@10": 0.015906680805938492,
    "NDCG@10": 0.006278481585416158,
    "Recall@10": 0.015906680805938492,
    "HR@20": 0.02545068928950159,
    "NDCG@20": 0.00866691333817703,
    "Recall@20": 0.02545068928950159
  },
  "SVD": {
    "HR@5": 0.02863202545068929,
    "NDCG@5": 0.017394905106092984,
    "Recall@5": 0.02863202545068929,
    "HR@10": 0.044538706256627786,
    "NDCG@10": 0.022453125586320885,
    "Recall@10": 0.044538706256627786,
    "HR@20": 0.06998939554612937,
    "NDCG@20": 0.028939723169537346,
    "Recall@20": 0.06998939554612937
  },
  "NeuMF": {
    "HR@5": 0.019088016967126194,
    "NDCG@5": 0.010053484716070036,
    "Recall@5": 0.019088016967126194,
    "HR@10": 0.024390243902439025,
    "NDCG@10": 0.011751261499114008,
    "Recall@10": 0.024390243902439025,
    "HR@20": 0.06362672322375397,
    "NDCG@20": 0.02151560472649797,
    "Recall@20": 0.06362672322375397,
    "train_time": 91.0
  },
  "MultiModalNCF": {
    "HR@5": 0.016967126193001062,
    "NDCG@5": 0.009975592437203636,
    "Recall@5": 0.016967126193001062,
    "HR@10": 0.03499469777306469,
    "NDCG@10": 0.015626440668470784,
    "Recall@10": 0.03499469777306469,
    "HR@20": 0.07529162248144221,
    "NDCG@20": 0.025782293466537955,
    "Recall@20": 0.07529162248144221,
    "train_time": 203.61
  }
}